chrom	position	beta	pval	mean_young	mean_mid	mean_old	direction	cpg	cpg_beta	cpg_p	direction_scot	concordant	in_cgi	manifest_gene	gene_feature_raw	island_relation	is_enhancer	primary_feature	gene_clean	is_enhancer_bool
chr1	1003126	0.8377971553285716	0.0204592163533914	13.636363636363637	70.0	57.142857142857146	hyper	cg10955566	-0.304349455545716	7.72220983466695e-16	hypo	False	True			Island		Intergenic		False
chr1	6341140	-0.7649823946808699	0.0169303058335057	54.54545454545455	10.0	14.285714285714286	hypo	cg13066938	0.514375876490102	5.38602335250797e-22	hyper	False	True	ACOT7;ACOT7;ACOT7;ACOT7	Body;Body;Body;Body	Island		Body	ACOT7	False
chr1	8271997	-0.6043029353078021	0.0179630290883474	39.3939393939394	10.0	7.142857142857143	hypo	cg02847588	0.841343142941043	3.1058026223419804e-17	hyper	False	True			Island		Intergenic		False
chr1	22920119	-0.4940057987592736	0.0395535026761549	27.272727272727273	15.0	0.0	hypo	cg05266226	-0.250599112819815	1.9194374889722597e-11	hypo	True	True	EPHA8	Body	Island		Body	EPHA8	False
chr1	27677072	-0.8958469164852774	0.0109477287941388	63.63636363636363	40.0	14.285714285714286	hypo	cg04123310	-0.337659807617503	5.32397240790507e-16	hypo	True	True	SYTL1	Body	Island		Body	SYTL1	False
chr1	29189655	-0.6780243187312668	0.043046701848457	45.45454545454545	40.0	7.142857142857143	hypo	cg03987199	-0.472720072101275	9.47419249603279e-33	hypo	True	True	OPRD1	Body	Island		Body	OPRD1	False
chr1	35586453	-0.6178245664206089	0.0160777449395762	39.39393939393939	0.0	7.142857142857143	hypo	cg12901910	-0.304224594244867	9.092717300325593e-14	hypo	True	True			Island		Intergenic		False
chr1	36042433	-0.8386649228425161	0.0008549708974985	50.0	0.0	5.95238095238095	hypo	cg07196426	0.452619303818072	4.02948194818181e-26	hyper	False	True	TFAP2E	Body	Island		Body	TFAP2E	False
chr1	38227381	-0.7843323150664385	0.0181740510850212	63.63636363636363	30.0	21.428571428571427	hypo	cg11521434	-0.262120973434875	4.922811439140819e-11	hypo	True	True	EPHA10;EPHA10	Body;Body	Island		Body	EPHA10	False
chr1	40149432	-0.2571441227142421	0.0117784391011029	13.636363636363637	0.0	0.0	hypo	cg13896192	0.394172029701498	8.272176971521499e-12	hyper	False	True	HPCAL4	Body	Island		Body	HPCAL4	False
chr1	45189875	-0.6889426473022402	0.0317891082592242	54.54545454545455	20.0	17.857142857142858	hypo	cg02359160	-0.391175689505485	2.76713538734386e-13	hypo	True	True	C1orf228	Body	Island		Body	C1orf228	False
chr1	53925299	-0.980318255678502	0.0061544359034266	63.63636363636363	70.0	7.142857142857143	hypo	cg20633276	-0.276923190513194	2.17326949494434e-12	hypo	True	True	DMRTB1	1stExon	Island		1stExon	DMRTB1	False
chr1	53925306	-0.8156496560920775	0.0205737025467686	54.54545454545455	65.0	7.142857142857143	hypo	cg06051201	-0.336258360468705	2.02844397384741e-17	hypo	True	True	DMRTB1	1stExon	Island		1stExon	DMRTB1	False
chr1	59280290	-0.6690098979893955	0.0469089673453517	45.45454545454545	46.66666666666667	7.142857142857143	hypo	cg17826530	0.325464112098419	1.42486976010754e-13	hyper	False	True			Island	True	Intergenic		True
chr1	79472532	-0.4571451070475414	0.0134178786026198	24.24242424242425	0.0	0.0	hypo	cg02154252	-0.697352918731146	4.77888960840589e-40	hypo	True	True	ELTD1	TSS200	Island		TSS200	ELTD1	False
chr1	156830284	0.3751086975949369	0.0459454865220791	0.0	0.0	21.428571428571427	hyper	cg10981464	0.694663979147638	1.9117405311774e-29	hyper	True	True	NTRK1;NTRK1;NTRK1	Body;TSS1500;TSS1500	Island	True	TSS1500	NTRK1	True
chr1	200009927	-0.3428588302856561	0.0188872292114023	18.181818181818183	0.0	0.0	hypo	cg17804356	1.10326712247335	1.25043443493172e-72	hyper	False	True	NR5A2;NR5A2	Body;Body	Island		Body	NR5A2	False
chr1	230415547	0.6953926207640962	0.0424257451869675	9.090909090909092	40.0	46.42857142857143	hyper	cg24250902	0.348984895674112	8.945834273859741e-17	hyper	True	True	GALNT2	3'UTR	Island		3'UTR	GALNT2	False
chr1	230415668	0.8797219828306369	0.0139500414604622	27.272727272727273	60.0	75.0	hyper	cg03144619	0.394735796913564	5.2011187807243e-21	hyper	True	True	GALNT2	3'UTR	Island		3'UTR	GALNT2	False
chr1	237205295	-0.4517701291626612	0.0338135411914508	27.272727272727273	0.0	3.5714285714285716	hypo	cg03422911	1.00950424238876	8.63930620730137e-31	hyper	False	True	RYR2	TSS1500	Island		TSS1500	RYR2	False
chr10	8078127	-0.2154653785370268	0.0498931369909031	13.636363636363637	0.0	2.3809523809523787	hypo	cg08482531	1.01967710008035	3.5072866969977904e-25	hyper	False	True			Island		Intergenic		False
chr10	46168597	-0.4205110710297498	0.0395710815821225	27.272727272727273	0.0	5.357142857142857	hypo	cg18240400	0.976890830013537	7.37561745302662e-74	hyper	False	True	ANUBL1;ANUBL1	TSS1500;TSS1500	Island		TSS1500	ANUBL1	False
chr10	81967272	-0.6231995443054893	0.0039800861107459	36.36363636363637	0.0	3.5714285714285716	hypo	cg08880670	-0.339041595566538	1.47613964117303e-14	hypo	True	True	LINC00857	TSS200	Island		TSS200	LINC00857	False
chr10	81967281	-0.7089142518769033	0.0025606133011751	40.90909090909091	0.0	3.5714285714285716	hypo	cg25660691	-0.33981029859088	1.48287913124694e-14	hypo	True	True	LINC00857	TSS200	Island		TSS200	LINC00857	False
chr10	81967284	-0.5374848367340753	0.0125186581616822	31.818181818181817	0.0	3.5714285714285716	hypo	cg25677116	-0.337032782163049	4.15086844024026e-14	hypo	True	True	LINC00857	TSS200	Island		TSS200	LINC00857	False
chr10	94180753	-0.5612759135454882	0.0206082490408595	35.45454545454545	10.0	5.357142857142857	hypo	cg01779383	-0.313293547474835	3.6796720947440702e-09	hypo	True	True			Island		Intergenic		False
chr10	102746534	0.7701889997645368	0.0235274123524062	13.636363636363637	20.0	57.142857142857146	hyper	cg14905631	0.379163056282755	2.17989214137634e-22	hyper	True	True	C10orf2;C10orf2;MRPL43;C10orf2;MRPL43;MRPL43;MRPL43;C10orf2	TSS1500;TSS1500;Body;TSS1500;Body;Body;Body;TSS1500	Island		TSS1500	C10orf2;MRPL43	False
chr10	118885753	-0.8700470226378524	0.0129463470920869	68.18181818181819	30.0	21.428571428571427	hypo	cg00660106	-0.375923652882863	9.45671746639292e-23	hypo	True	True			Island		Intergenic		False
chr10	134853084	-0.7746573548736542	0.0186028770686405	59.09090909090909	20.0	17.857142857142858	hypo	cg07488327	-0.337294326545013	2.57282117510091e-17	hypo	True	True			Island		Intergenic		False
chr11	316247	0.520427376795793	0.0477860212587945	0.0	15.0	28.571428571428573	hyper	cg08000731	-0.30210512325918	3.7704971810110096e-11	hypo	False	True			Island		Intergenic		False
chr11	379455	0.9783366373257631	0.0023422500028847	0.0	30.0	53.57142857142857	hyper	cg04663285	-0.296310043759324	6.900910595471841e-15	hypo	False	True	B4GALNT4	Body	Island		Body	B4GALNT4	False
chr11	32449450	0.5001449301265826	0.0335062277858503	0.0	0.0	28.571428571428573	hyper	cg04096767	-0.384825547987573	6.606825033674809e-22	hypo	False	True	WT1;WT1;WT1;WT1	Body;Body;Body;Body	Island		Body	WT1	False
chr11	60414767	-0.6780243187312668	0.035444101663773	45.45454545454545	40.0	7.142857142857143	hypo	cg19431051	-0.374673318814448	1.13951725684915e-22	hypo	True	True	C11orf64	Body	Island		Body	C11orf64	False
chr11	64533623	-0.7185892120696875	0.0139957241506914	45.45454545454545	10.0	7.142857142857143	hypo	cg18479798	-0.473805151887542	4.7332990854601505e-23	hypo	True	True	SF1;SF1;SF1	Body;Body;Body	Island		Body	SF1	False
chr11	64621386	-0.4857166762380127	0.0065385189305203	25.75757575757575	0.0	0.0	hypo	cg15678817	-0.395804970780404	1.4720034850143802e-15	hypo	True	True	EHD1	3'UTR	Island		3'UTR	EHD1	False
chr11	64662577	-0.6506119315183779	0.0232337679978513	40.90909090909091	20.0	5.357142857142857	hypo	cg06943835	-0.858840998216402	1.90861577972165e-52	hypo	True	True	ATG2A	Body	Island		Body	ATG2A	False
chr11	65315030	-0.7321108431824945	0.0073645354939184	45.45454545454545	0.0	7.142857142857143	hypo	cg23272978	-0.264844688185391	6.22450524525618e-10	hypo	True	True	LTBP3;LTBP3;LTBP3	Body;Body;Body	Island		Body	LTBP3	False
chr11	65315466	0.7656040788699645	0.0386551467910595	18.181818181818183	80.0	57.142857142857146	hyper	cg20210376	-0.496386376044859	1.4619884428446e-23	hypo	False	True	LTBP3;LTBP3;LTBP3	Body;Body;Body	Island		Body	LTBP3	False
chr11	66083573	-1.2445340360436945	0.0002905890211635	90.9090909090909	70.0	21.428571428571427	hypo	cg22213242	0.381408845698828	3.1626200426901603e-09	hyper	False	True	CD248	1stExon	Island		1stExon	CD248	False
chr11	67052992	-0.7141856157302676	0.0118572170135879	50.0	15.0	11.904761904761909	hypo	cg08670658	0.754393541058369	3.0256228391445597e-11	hyper	False	True	ADRBK1	3'UTR	Island		3'UTR	ADRBK1	False
chr11	76858729	0.3596248757603003	0.0463459191027578	0.0	11.66666666666667	19.642857142857142	hyper	cg03755115	-0.675714143095429	6.53861453313475e-26	hypo	False	True	MYO7A;MYO7A;MYO7A	Body;Body;Body	Island		Body	MYO7A	False
chr11	78614359	-0.6721960294585051	0.0081296569600113	36.36363636363637	10.0	0.0	hypo	cg15765817	-0.315388418520693	1.3764126531813e-16	hypo	True	True	ODZ4	Body	Island		Body	ODZ4	False
chr11	118842413	0.9530418618819776	0.0025958091585218	6.060606060606063	34.16666666666667	58.333333333333336	hyper	cg07780348	-0.373271181976623	1.51784619451609e-20	hypo	False	True	FOXR1	TSS200	Island		TSS200	FOXR1	False
chr11	118842444	0.7756986758903877	0.0150132036392079	4.545454545454546	36.0	46.42857142857143	hyper	cg24766553	-0.406878377820708	1.01417314755886e-22	hypo	False	True	FOXR1;FOXR1	5'UTR;1stExon	Island		5'UTR	FOXR1	False
chr11	118842484	0.6549287511064036	0.0257424248285428	0.0	22.0	35.714285714285715	hyper	cg05940452	-0.380471019125726	3.56213225856064e-22	hypo	False	True	FOXR1;FOXR1	5'UTR;1stExon	Island		5'UTR	FOXR1	False
chr11	121028592	-0.7150533832442122	0.0424274356195309	63.63636363636363	35.0	25.0	hypo	cg11310693	-0.526509292618377	4.41989023177966e-40	hypo	True	True	TECTA	Body	Island		Body	TECTA	False
chr11	123448381	0.8365537869503824	0.0214839998567877	18.181818181818183	40.0	64.28571428571429	hyper	cg06797734	-0.404502489205394	4.2242755648401e-10	hypo	False	True	GRAMD1B	Body	Island		Body	GRAMD1B	False
chr11	134257429	-0.8239646821212173	0.022086270598932	72.72727272727273	35.0	28.571428571428573	hypo	cg15161691	-0.280035118610883	1.31152107531447e-08	hypo	True	True	B3GAT1;B3GAT1	Body;Body	Island		Body	B3GAT1	False
chr12	5019024	-0.4285735378570701	0.0161636022267264	22.727272727272727	0.0	0.0	hypo	cg15543616	-0.283269208908986	5.40842540049455e-09	hypo	True	True	KCNA1	TSS200	Island	True	TSS200	KCNA1	True
chr12	6876922	-0.9325651389036752	0.0058416259169346	68.18181818181819	30.0	17.857142857142858	hypo	cg16116203	0.825565464501978	1.89976765575281e-69	hyper	False	True	PTMS	Body	Island		Body	PTMS	False
chr12	48399295	-0.8900186272125155	0.0030945733054648	54.54545454545455	10.0	7.142857142857143	hypo	cg10502244	-0.357629174323662	2.69862556638756e-14	hypo	True	True	COL2A1;COL2A1	TSS1500;TSS1500	Island		TSS1500	COL2A1	False
chr12	49364094	-0.5007666143156771	0.0332707811194266	27.272727272727273	10.0	0.0	hypo	cg12345778	-0.714789763340994	6.60507985462559e-16	hypo	True	True	WNT10B	Body	Island		Body	WNT10B	False
chr12	113531238	-0.751460763568063	0.02384981542822	54.54545454545455	20.0	14.285714285714286	hypo	cg02103771	-0.749474997989659	7.76432468998629e-59	hypo	True	True	DTX1	Body	Island		Body	DTX1	False
chr12	117477000	-1.0021549128204488	0.005312532811333	81.81818181818181	30.0	28.571428571428573	hypo	cg17820871	-0.311123809019617	2.9469354110936497e-12	hypo	True	True	TESC;TESC;TESC	Body;Body;Body	Island	True	Body	TESC	True
chr12	121890311	0.6795137704343059	0.0412171172146358	13.636363636363637	30.0	51.1904761904762	hyper	cg23972735	0.346584322735305	4.78599708943512e-16	hyper	True	True	KDM2B;KDM2B	Body;Body	Island		Body	KDM2B	False
chr12	125039177	-0.5104415745084615	0.0409486254115856	31.818181818181817	20.0	3.5714285714285716	hypo	cg00513984	0.818571677531126	3.9162175647352e-36	hyper	False	True			Island		Intergenic		False
chr12	133178856	0.8897077851179683	0.0108550451307368	9.090909090909092	45.0	57.142857142857146	hyper	cg19008320	-0.22457546971988	8.7123537945085e-09	hypo	False	True			Island		Intergenic		False
chr12	133186923	-0.3801339781234514	0.0454590194904358	22.727272727272727	5.0	2.3809523809523787	hypo	cg15697225	-0.243969622242932	4.49166476420414e-10	hypo	True	True			Island	True	Intergenic		True
chr12	133363304	-0.936411809823698	0.0039296666490096	63.63636363636363	10.0	14.285714285714286	hypo	cg22516162	-0.44314946357682	7.32647362135692e-20	hypo	True	True	GOLGA3	Body	Island		Body	GOLGA3	False
chr13	50701050	-0.8690756410923921	0.0098014478337531	75.0	33.33333333333333	28.571428571428573	hypo	cg01404873	0.331009225330842	1.4830994968409802e-17	hyper	False	True	DLEU2	TSS1500	Island		TSS1500	DLEU2	False
chr13	79176769	-0.3428588302856561	0.0215573552049136	18.181818181818183	0.0	0.0	hypo	cg02532577	0.364101910128967	3.86518207241045e-13	hyper	False	True	POU4F1	Body	Island	True	Body	POU4F1	True
chr13	102106423	-0.4571451070475414	0.0134178786026198	24.24242424242425	0.0	0.0	hypo	cg09276445	-0.284654394125393	4.09062558597794e-12	hypo	True	True	ITGBL1	Body	Island	True	Body	ITGBL1	True
chr13	111290667	-0.7108958702296423	0.0476133923195189	54.54545454545455	50.0	14.285714285714286	hypo	cg12842646	-0.390227033142101	8.01662206970227e-18	hypo	True	True	CARKD	Body	Island		Body	CARKD	False
chr13	112985463	0.4348162832558946	0.049279739553399	0.0	13.333333333333332	23.809523809523807	hyper	cg17655970	-0.285354377825855	1.86215679280141e-13	hypo	False	True			Island		Intergenic		False
chr13	113676829	0.6908854103931608	0.038832278027581	9.090909090909092	36.66666666666667	46.42857142857143	hyper	cg08104283	0.356595023331875	1.59192251713208e-12	hyper	True	True	MCF2L;MCF2L	Body;Body	Island	True	Body	MCF2L	True
chr14	38068590	-0.500766614315677	0.0208294494476097	27.272727272727273	10.0	0.0	hypo	cg01087008	0.592216453262147	5.041954421840751e-15	hyper	False	True			Island	True	Intergenic		True
chr14	95826734	-0.4450093136062578	0.0418198171162627	27.272727272727273	5.0	3.5714285714285716	hypo	cg05162306	-0.336687096077442	1.5754645489037302e-15	hypo	True	True			Island		Intergenic		False
chr14	100141862	-0.8576003871020215	0.0082934632628	57.57575757575757	30.0	10.714285714285714	hypo	cg11636151	-0.448199227990775	5.10023299070773e-25	hypo	True	True	HHIPL1	Body	Island		Body	HHIPL1	False
chr14	102974979	0.6249868863491362	0.0456859673128841	9.090909090909092	34.16666666666667	42.857142857142854	hyper	cg16727416	-0.29274455918753	3.46292804647761e-08	hypo	False	True	ANKRD9	5'UTR	Island		5'UTR	ANKRD9	False
chr15	30336915	-0.6586743983456983	0.0171102764029371	36.36363636363637	20.0	0.0	hypo	cg13176198	-0.219658851615734	5.608688775653781e-09	hypo	True	True			Island		Intergenic		False
chr15	41788368	-0.4822844614440532	0.048794102949538	31.818181818181817	10.0	5.95238095238095	hypo	cg04625615	0.34271032242387	1.00066694885205e-08	hyper	False	True	ITPKA	Body	Island		Body	ITPKA	False
chr15	42371653	-0.6991097741447243	0.0354144409826329	81.81818181818181	100.0	40.47619047619048	hypo	cg17867243	-0.418359379583188	3.6367577735776e-27	hypo	True	True	PLA2G4D	Body	Island	True	Body	PLA2G4D	True
chr15	69325362	-0.7050675809568806	0.0224542210392439	45.45454545454545	20.0	7.142857142857143	hypo	cg19461383	-0.394410381070619	5.96442963335711e-24	hypo	True	True	MIR548H4;NOX5	Body;Body	Island		Body	MIR548H4;NOX5	False
chr15	79092743	-0.7344033036297807	0.0412355129296524	72.72727272727273	55.0	32.142857142857146	hypo	cg22753661	-0.304951851889729	1.4550306417119502e-15	hypo	True	True	ADAMTS7	Body	Island		Body	ADAMTS7	False
chr15	90171693	-0.7124241771944998	0.0464020880476051	56.06060606060607	70.0	14.285714285714286	hypo	cg26282505	0.312948636082507	2.8258762232586303e-09	hyper	False	True	KIF7	Body	Island		Body	KIF7	False
chr15	91423337	0.928718467983653	0.0104684249091111	27.272727272727273	50.0	78.57142857142857	hyper	cg17396638	-0.437717259674731	4.5513220802759e-10	hypo	False	True	FURIN	Body	Island		Body	FURIN	False
chr16	733842	-0.6789568450149086	0.0034880043551856	36.36363636363637	5.0	0.0	hypo	cg09465703	0.798321376401877	1.36911159073372e-59	hyper	False	True	JMJD8	Body	Island		Body	JMJD8	False
chr16	3221328	-0.4309307570740536	0.0498931369909033	27.272727272727273	0.0	4.7619047619047645	hypo	cg07891531	0.283583728537021	1.7462886145941598e-12	hyper	False	True			Island	True	Intergenic		True
chr16	3242639	0.6105456807066268	0.023199306898177	0.0	20.0	33.333333333333336	hyper	cg27462519	-0.284136760829735	3.00886377984333e-12	hypo	False	True			Island		Intergenic		False
chr16	4732369	-0.7479249347425877	0.0374033986996472	72.72727272727273	45.0	32.142857142857146	hypo	cg03963853	-0.305907749442534	1.01354134891963e-10	hypo	True	True	MGRN1;MGRN1;MGRN1;MGRN1	Body;Body;Body;Body	Island		Body	MGRN1	False
chr16	31225957	-0.5142882454284842	0.0117784391011029	27.272727272727273	0.0	0.0	hypo	cg26188726	0.326738767952224	1.11691018731613e-09	hyper	False	True	TRIM72	5'UTR	Island		5'UTR	TRIM72	False
chr16	51188372	0.5973348916883673	0.0362593054385922	3.030303030303027	21.666666666666668	35.714285714285715	hyper	cg02352240	0.477065007840959	9.66301657049508e-12	hyper	True	True			Island		Intergenic		False
chr16	84346925	0.5136665612393894	0.0481522342287082	0.0	10.0	28.571428571428573	hyper	cg04268432	-0.235571977338523	1.39107807487881e-09	hypo	False	True	WFDC1	Body	Island		Body	WFDC1	False
chr16	85648370	-0.2000009843332992	0.0139390029202726	10.6060606060606	0.0	0.0	hypo	cg13441891	0.584473842836317	3.4411886122589e-17	hyper	False	True	KIAA0182;KIAA0182	5'UTR;Body	Island		5'UTR	KIAA0182	False
chr16	85743612	0.869425338448758	0.012057874225804	9.090909090909092	30.0	57.142857142857146	hyper	cg15571108	-0.264871115572309	2.4051622764833e-08	hypo	False	True	C16orf74	Body	Island		Body	C16orf74	False
chr16	88883363	-0.8365537869503824	0.0214839998567877	81.81818181818181	60.0	35.714285714285715	hypo	cg04428290	0.289716952600746	1.8056540106441e-08	hyper	False	True	GALNS	Body	Island		Body	GALNS	False
chr16	88961784	-0.7843323150664384	0.0277635503685351	63.63636363636363	30.0	21.428571428571427	hypo	cg05240948	-0.368005964753689	4.4901090032257e-09	hypo	True	True	CBFA2T3;CBFA2T3	Body;Body	Island		Body	CBFA2T3	False
chr16	89920590	-0.8101322089138633	0.0193001556474014	59.09090909090909	40.0	14.285714285714286	hypo	cg06069030	-0.347227180987477	3.15018258468774e-11	hypo	True	True	SPIRE2	Body	Island		Body	SPIRE2	False
chr17	2593076	-0.7379391324552562	0.031434536359974	54.54545454545455	30.0	14.285714285714286	hypo	cg19435859	0.383970724640368	5.96113620072735e-10	hyper	False	True	KIAA0664	3'UTR	Island		3'UTR	KIAA0664	False
chr17	3658684	-0.6193528733854667	0.0372303598094066	40.90909090909091	20.0	7.142857142857143	hypo	cg05772218	0.31299763610673	5.70380905779349e-13	hyper	False	True	ITGAE	Body	Island		Body	ITGAE	False
chr17	4900376	-0.4436234759347345	0.0260507420203533	24.24242424242425	10.0	0.0	hypo	cg22116712	-1.10271579476059	5.82185418633469e-73	hypo	True	True	KIF1C;INCA1;INCA1;INCA1;INCA1	TSS1500;5'UTR;5'UTR;5'UTR;5'UTR	Island		TSS1500	INCA1;KIF1C	False
chr17	7165255	-0.7024642784150471	0.0292752104160449	54.54545454545455	10.0	17.857142857142858	hypo	cg15298719	-0.234452410027412	5.15501940189019e-09	hypo	True	True	CLDN7	1stExon	Island		1stExon	CLDN7	False
chr17	15821130	-0.5142882454284842	0.0117784391011029	27.272727272727273	0.0	0.0	hypo	cg11731596	-0.552687315802086	6.65178943665682e-18	hypo	True	True			Island		Intergenic		False
chr17	19628087	0.5418236743037977	0.0210701640093031	0.0	0.0	30.952380952380953	hyper	cg02930419	-0.297551284832365	9.0915263863465e-15	hypo	False	True			Island		Intergenic		False
chr17	40715244	-0.7353358299134226	0.0289815886791752	63.63636363636363	20.0	25.0	hypo	cg25135457	-0.552109423451836	2.71557247357381e-26	hypo	True	True	COASY;COASY;COASY;COASY;COASY	1stExon;Body;Body;Body;5'UTR	Island		5'UTR	COASY	False
chr17	42431748	-0.5142882454284842	0.0117784391011029	27.272727272727273	0.0	0.0	hypo	cg09014329	0.71122933358803	1.7214209792101906e-52	hyper	False	True	FAM171A2	Body	Island		Body	FAM171A2	False
chr17	42431859	0.5136665612393895	0.0481522342287082	0.0	10.0	28.571428571428573	hyper	cg23766254	0.878466711502492	1.67543884486334e-80	hyper	True	True	FAM171A2	Body	Island		Body	FAM171A2	False
chr17	46669492	0.4376268138607597	0.0402417498646945	0.0	0.0	25.0	hyper	cg12744859	0.720064850110188	1.21348669932649e-19	hyper	True	True	LOC404266;HOXB5;LOC404266;LOC404266;LOC404266	TSS200;3'UTR;Body;TSS200;Body	Island		TSS200	HOXB5;LOC404266	False
chr17	48649272	-0.5142882454284842	0.0117784391011029	27.272727272727273	0.0	0.0	hypo	cg21373192	-0.266821957048457	1.13566001289321e-08	hypo	True	True	CACNA1G;CACNA1G;CACNA1G;CACNA1G;CACNA1G;CACNA1G;CACNA1G;CACNA1G;CACNA1G;CACNA1G;CACNA1G;CACNA1G;CACNA1G;CACNA1G;CACNA1G	Body;Body;Body;Body;Body;Body;Body;Body;Body;Body;Body;Body;Body;Body;Body	Island		Body	CACNA1G	False
chr17	72931736	-0.7247283434369964	0.0069576876797547	43.18181818181818	20.0	3.5714285714285716	hypo	cg07704554	-0.507064468042877	2.32648740071655e-25	hypo	True	True	OTOP3	TSS200	Island		TSS200	OTOP3	False
chr17	75789393	-0.7192108962587821	0.0435232667070823	72.72727272727273	20.0	35.714285714285715	hypo	cg05609335	-0.243944234292819	1.74395640565767e-10	hypo	True	True			Island		Intergenic		False
chr17	78032296	0.6522244248838421	0.0270144806208917	0.0	20.0	35.714285714285715	hyper	cg10642375	-0.362444574017702	3.1499103410792803e-15	hypo	False	True	CCDC40	Body	Island		Body	CCDC40	False
chr17	78032424	0.7316316282867341	0.0392136034713344	33.333333333333336	35.0	75.0	hyper	cg15475272	-0.593191112292442	2.96890484021119e-32	hypo	False	True	CCDC40	Body	Island		Body	CCDC40	False
chr17	78188904	-0.8380043833916031	0.0180579230062022	78.7878787878788	16.666666666666668	35.714285714285715	hypo	cg01502244	-0.891154072901986	8.74628943662805e-58	hypo	True	True	SGSH	Body	Island		Body	SGSH	False
chr17	79393718	-0.5007666143156771	0.0332707811194266	27.272727272727273	10.0	0.0	hypo	cg25348105	0.548403299598606	1.89510270878337e-24	hyper	False	True	BAHCC1	Body	Island		Body	BAHCC1	False
chr17	79428404	-0.7247283434369964	0.0433864225623659	68.18181818181819	45.0	28.571428571428573	hypo	cg17781958	-1.47879121993755	1.32958865694117e-191	hypo	True	True	BAHCC1	Body	Island		Body	BAHCC1	False
chr17	79466077	-0.6721960294585052	0.0081296569600113	36.36363636363637	10.0	0.0	hypo	cg21186576	-0.415468420384189	5.00992370045581e-25	hypo	True	True			Island		Intergenic		False
chr17	79495664	-0.7748853057429889	0.023277183588142	66.66666666666666	70.0	22.142857142857142	hypo	cg00221012	-0.270532336527007	3.97189695216613e-10	hypo	True	True	FSCN2;FSCN2	1stExon;1stExon	Island		1stExon	FSCN2	False
chr18	14999178	0.6780243187312667	0.0216382139331659	4.545454545454546	10.0	42.857142857142854	hyper	cg12380867	-0.272001625143157	1.85683730376382e-11	hypo	False	True			Island		Intergenic		False
chr18	55108537	-0.300001476499949	0.0298641161325603	15.909090909090908	0.0	0.0	hypo	cg20956738	0.78091926251924	3.98848144075792e-39	hyper	False	True	ONECUT2	Body	Island		Body	ONECUT2	False
chr18	77171010	-0.5007666143156771	0.0332707811194266	27.272727272727273	10.0	0.0	hypo	cg05165553	-0.660910953945273	4.30750594365456e-32	hypo	True	True	NFATC1;NFATC1;NFATC1;NFATC1;NFATC1	Body;5'UTR;Body;Body;Body	Island		5'UTR	NFATC1	False
chr19	947936	-0.2218117379673672	0.0431378446070366	12.12121212121212	5.0	0.0	hypo	cg23048215	1.11450112114245	1.26462725081564e-49	hyper	False	True	ARID3A	Body	Island		Body	ARID3A	False
chr19	1009172	0.6730637969724498	0.0175322629290635	0.0	20.0	36.90476190476191	hyper	cg02582520	-0.364234901512658	1.86766141460645e-20	hypo	False	True	GRIN3B	Body	Island	True	Body	GRIN3B	True
chr19	2323913	-0.7585324212190138	0.022001624136456	68.18181818181819	20.0	28.571428571428573	hypo	cg18551531	-0.338501248550542	6.8374264715937e-13	hypo	True	True	LSM7	Body	Island		Body	LSM7	False
chr19	2425476	-0.5142882454284842	0.0117784391011029	27.272727272727273	0.0	0.0	hypo	cg19497523	-0.314640921758918	2.04873244498073e-13	hypo	True	True	TMPRSS9	Body	Island		Body	TMPRSS9	False
chr19	2717615	-0.7345716764309939	0.0389930852041379	87.87878787878789	35.0	50.0	hypo	cg08638582	-0.301642536501813	1.04106800345451e-13	hypo	True	True	DIRAS1	Body	Island		Body	DIRAS1	False
chr19	3611840	-0.8468504313322612	0.01405134325796	63.63636363636363	30.0	17.857142857142858	hypo	cg03681644	-0.249438205542311	4.04717933559937e-10	hypo	True	True	C19orf29;C19orf29	3'UTR;3'UTR	Island		3'UTR	C19orf29	False
chr19	3698157	-0.8887752588343264	0.0033000983597052	50.0	40.0	0.0	hypo	cg17845617	-1.17442666324507	2.4406410672894e-53	hypo	True	True	PIP5K1C	Body	Island	True	Body	PIP5K1C	True
chr19	5093541	-0.5606814280396665	0.0300067987419681	36.36363636363637	0.0	7.142857142857143	hypo	cg03315649	-0.989631383970096	2.67242353160415e-53	hypo	True	True	KDM4B	Body	Island		Body	KDM4B	False
chr19	13944261	-0.1714294151428278	0.0117784391011029	9.09090909090908	0.0	0.0	hypo	cg18576835	-0.557469899397442	2.66192004010034e-24	hypo	True	True			Island	True	Intergenic		True
chr19	16466636	-1.020883149016923	0.0026265493984907	63.63636363636363	40.0	7.142857142857143	hypo	cg11013793	-0.452331717720703	2.8185130336202e-12	hypo	True	True			Island		Intergenic		False
chr19	19654768	-0.7450107901062069	0.0382038453459414	68.18181818181819	30.0	28.571428571428573	hypo	cg15215375	-0.289552046800444	4.2162312085593797e-11	hypo	True	True	CILP2	Body	Island		Body	CILP2	False
chr19	36246402	0.5665097173124279	0.0465608215860333	4.545454545454546	20.0	35.714285714285715	hyper	cg18229178	0.515295728731304	7.30397402087826e-26	hyper	True	True	HSPB6	3'UTR	Island		3'UTR	HSPB6	False
chr19	36612741	0.7308674748043054	0.0283281433116509	9.090909090909092	20.0	50.0	hyper	cg01591881	-0.398096810708685	2.35370120495738e-19	hypo	False	True	TBCB	Body	Island		Body	TBCB	False
chr19	36612911	-0.6328745044982735	0.0234983614041013	40.90909090909091	10.0	7.142857142857143	hypo	cg06151968	-0.257537801824366	2.61657997760283e-10	hypo	True	True	TBCB	Body	Island		Body	TBCB	False
chr19	38039666	0.6290278335782509	0.0346537836856743	4.545454545454546	20.0	39.285714285714285	hyper	cg00879218	-0.261804424809023	1.6413851183134e-11	hypo	False	True			Island		Intergenic		False
chr19	40730425	-0.7590893466384111	0.0216558863656254	68.18181818181819	35.0	27.38095238095238	hypo	cg00851394	-0.269109903674515	1.11130148577477e-12	hypo	True	True	CNTD2	Body	Island		Body	CNTD2	False
chr19	49828641	0.8559037073359508	0.011449280780147	9.090909090909092	20.0	57.142857142857146	hyper	cg01453814	-0.57880422693795	2.69881383046849e-22	hypo	False	True	SLC6A16	TSS200	Island		TSS200	SLC6A16	False
chr19	49828650	0.806907222182935	0.0171964816209872	9.090909090909092	30.0	53.57142857142857	hyper	cg17981236	-0.809811766141543	1.93487344829109e-34	hypo	False	True	SLC6A16	TSS200	Island		TSS200	SLC6A16	False
chr19	49828658	0.7837106308773438	0.0240125578357391	13.636363636363637	30.0	57.142857142857146	hyper	cg24188017	-0.820860639965831	2.7287717268383697e-42	hypo	False	True	SLC6A16	TSS200	Island		TSS200	SLC6A16	False
chr19	51411940	0.9680399929438844	0.0042297640351836	31.818181818181817	50.0	85.71428571428571	hyper	cg27128734	-0.28787101691319	1.76849979291833e-13	hypo	False	True	KLK4	Body	Island	True	Body	KLK4	True
chr19	57306738	-0.5142882454284842	0.0117784391011029	27.272727272727273	0.0	0.0	hypo	cg00354258	-0.246721608976199	2.39047711139064e-10	hypo	True	True	ZIM2;ZIM2;ZIM2	Body;Body;Body	Island		Body	ZIM2	False
chr19	58446787	-0.6614460736887451	0.0191039628672169	42.42424242424243	10.0	7.142857142857143	hypo	cg21444693	0.334047763484676	3.54634864683597e-14	hyper	False	True	ZNF418	TSS200	Island		TSS200	ZNF418	False
chr19	58728560	-0.5894990805549877	0.0431565126281285	40.90909090909091	26.666666666666668	8.333333333333336	hypo	cg08095654	-0.25117792477556	3.75842641993934e-11	hypo	True	True			Island		Intergenic		False
chr2	636606	-0.5142882454284842	0.0117784391011029	27.272727272727273	0.0	0.0	hypo	cg14515364	-0.270765912189743	9.21711721391492e-10	hypo	True	True			Island		Intergenic		False
chr2	5832882	0.4928271891507819	0.0283660779640105	0.0	10.0	27.38095238095238	hyper	cg18449120	0.40026903064669	2.49589553156638e-09	hyper	True	True	SOX11	1stExon	Island		1stExon	SOX11	False
chr2	48844892	-0.7185892120696874	0.0139957241506914	45.45454545454545	10.0	7.142857142857143	hypo	cg25569480	-0.443605381482019	2.22087716692341e-18	hypo	True	True	GTF2A1L;STON1-GTF2A1L;GTF2A1L	TSS200;Body;TSS200	Island		TSS200	GTF2A1L;STON1-GTF2A1L	False
chr2	48844908	-0.5729596907742842	0.0282492528024433	31.818181818181817	20.0	0.0	hypo	cg00493304	-0.490095777270249	3.72625909834104e-33	hypo	True	True	GTF2A1L;STON1-GTF2A1L;GTF2A1L	TSS200;Body;TSS200	Island		TSS200	GTF2A1L;STON1-GTF2A1L	False
chr2	48844984	-0.7843323150664384	0.0277635503685351	63.63636363636363	30.0	21.428571428571427	hypo	cg26162813	-0.459282503515905	2.29178175239639e-29	hypo	True	True	GTF2A1L;STON1-GTF2A1L;GTF2A1L;GTF2A1L;GTF2A1L	1stExon;Body;5'UTR;5'UTR;1stExon	Island		5'UTR	GTF2A1L;STON1-GTF2A1L	False
chr2	63275954	-0.42857353785707	0.0161636022267264	22.727272727272727	0.0	0.0	hypo	cg13433250	2.47137372781023	3.94869164869072e-138	hyper	False	True	LOC100132215	TSS1500	Island		TSS1500	LOC100132215	False
chr2	72012863	-0.7321108431824945	0.0073645354939184	45.45454545454545	0.0	7.142857142857143	hypo	cg04684152	-0.290431955314645	9.951347032767287e-12	hypo	True	True			Island		Intergenic		False
chr2	95537405	0.5001449301265826	0.0335062277858503	0.0	0.0	28.571428571428573	hyper	cg05852568	-0.259582707774689	8.66844238886326e-12	hypo	False	True	TEKT4	1stExon	Island		1stExon	TEKT4	False
chr2	131798087	-0.49580609255686	0.0230034648813774	31.818181818181817	0.0	5.95238095238095	hypo	cg25464702	-0.322108202058255	1.1017284799665601e-15	hypo	True	True	ARHGEF4;ARHGEF4	Body;Body	Island		Body	ARHGEF4	False
chr2	162283979	0.6119509460090593	0.0047942615497645	0.0	13.333333333333332	33.92857142857143	hyper	cg01983682	0.688643510502568	1.10605581846322e-22	hyper	True	True			Island	True	Intergenic		True
chr2	176964101	0.5494328297432366	0.0141424660026388	0.0	13.333333333333332	30.357142857142858	hyper	cg06571387	0.854321194993551	2.4748557823697598e-26	hyper	True	True	HOXD12	TSS1500	Island	True	TSS1500	HOXD12	True
chr2	198649783	-0.7379391324552562	0.031434536359974	54.54545454545455	30.0	14.285714285714286	hypo	cg00982548	-0.282033026158572	8.316933861226392e-14	hypo	True	True	BOLL;BOLL;BOLL	5'UTR;Body;1stExon	Island		5'UTR	BOLL	False
chr2	219824761	0.3125905813291141	0.0469787022190124	0.0	0.0	17.857142857142858	hyper	cg01920829	0.367684446348753	2.03351735066171e-10	hyper	True	True	CDK5R2	1stExon	Island		1stExon	CDK5R2	False
chr2	223163033	0.4584661859493673	0.0291635003009859	0.0	0.0	26.190476190476183	hyper	cg23546474	1.37569635164868	2.18609053536308e-88	hyper	True	True	PAX3;PAX3;PAX3;CCDC140;CCDC140;PAX3;PAX3;PAX3;PAX3;PAX3	Body;Body;Body;5'UTR;1stExon;Body;Body;Body;Body;Body	Island		5'UTR	CCDC140;PAX3	False
chr2	234777085	0.4511484449735667	0.0433632680593224	0.0	10.0	25.0	hyper	cg01078197	0.415941375808405	3.66074504620492e-25	hyper	True	True	MSL3L2	TSS200	Island		TSS200	MSL3L2	False
chr2	236774071	-0.5516670072977952	0.0274411008808387	36.36363636363637	6.66666666666667	7.142857142857143	hypo	cg19761110	-0.261669338739943	2.7309072868446596e-11	hypo	True	True	AGAP1;AGAP1	Body;Body	Island	True	Body	AGAP1	True
chr2	241612069	0.4376268138607598	0.0402417498646944	0.0	0.0	25.0	hyper	cg23290121	-0.386584989310663	1.63947249467342e-20	hypo	False	True			Island		Intergenic		False
chr20	22549253	-0.342858830285656	0.0188872292114023	18.181818181818183	0.0	0.0	hypo	cg06680481	0.597819227665246	1.20187609039075e-15	hyper	False	True	C20orf56	Body	Island		Body	C20orf56	False
chr20	32856747	-0.8775201846609268	0.0010454215043086	50.0	17.5	2.3809523809523787	hypo	cg19218509	-0.283718104576815	3.73461074913992e-11	hypo	True	True	ASIP	Body	Island		Body	ASIP	False
chr20	39968608	-0.7485466189316823	0.0070240297310163	50.0	5.0	10.714285714285714	hypo	cg25748108	0.375031728478739	3.17100837111229e-14	hyper	False	True	LPIN3	TSS1500	Island		TSS1500	LPIN3	False
chr20	44829722	-0.685717660571312	0.0025640864840809	36.36363636363637	0.0	0.0	hypo	cg02661079	-0.296801528121098	4.02442814634701e-14	hypo	True	True	CDH22	Body	Island		Body	CDH22	False
chr20	57766896	0.7047567388623333	0.0477892411368015	18.181818181818183	35.0	57.142857142857146	hyper	cg25325636	-0.421583182574211	5.02641081862546e-26	hypo	False	True	ZNF831	1stExon	Island		1stExon	ZNF831	False
chr20	61051685	-0.4000019686665986	0.0213343437923977	21.21212121212121	0.0	0.0	hypo	cg00677866	0.756547580537185	1.53335206980985e-28	hyper	False	True	GATA5	TSS1500	Island		TSS1500	GATA5	False
chr20	61637547	-0.2000009843332992	0.0139390029202726	10.6060606060606	0.0	0.0	hypo	cg03885271	0.350788957125025	8.81589446840539e-15	hyper	False	True	BHLHE23	1stExon	Island		1stExon	BHLHE23	False
chr20	62084549	-0.7050675809568807	0.0224542210392439	45.45454545454545	20.0	7.142857142857143	hypo	cg20964064	-0.253369866815943	2.60617119474483e-11	hypo	True	True	KCNQ2;KCNQ2;KCNQ2;KCNQ2;KCNQ2	Body;Body;Body;Body;Body	Island		Body	KCNQ2	False
chr21	36259383	-0.600002952999898	0.0037058652893627	31.818181818181817	0.0	0.0	hypo	cg00994804	-0.386871430752618	2.17703903155936e-24	hypo	True	True	RUNX1;RUNX1;RUNX1	1stExon;1stExon;Body	Island	True	1stExon	RUNX1	True
chr21	36259397	-0.4218127223006666	0.0235887339689361	22.727272727272727	5.0	0.0	hypo	cg14937633	-0.413362166160604	1.70376821761253e-27	hypo	True	True	RUNX1;RUNX1;RUNX1;RUNX1	1stExon;1stExon;ExonBnd;Body	Island	True	1stExon	RUNX1	True
chr21	36259460	-0.342858830285656	0.0188872292114023	18.181818181818183	0.0	0.0	hypo	cg06758350	-0.39977082121576	6.00861114353358e-26	hypo	True	True	RUNX1;RUNX1;RUNX1;RUNX1;RUNX1	5'UTR;1stExon;5'UTR;1stExon;Body	Island	True	5'UTR	RUNX1	True
chr21	45177538	-0.8635970491759963	0.0185292832063646	81.81818181818181	40.0	35.714285714285715	hypo	cg14906976	-0.251559850147101	1.96234484076962e-08	hypo	True	True	PDXK	3'UTR	Island		3'UTR	PDXK	False
chr22	29866624	-0.4940057987592737	0.0259628580392836	27.272727272727273	15.0	0.0	hypo	cg05516505	-0.708054116147214	2.41700096327606e-60	hypo	True	True			Island		Intergenic		False
chr22	38610795	-0.6096779131926824	0.0189465086616573	36.36363636363637	10.0	3.5714285714285716	hypo	cg15548613	0.337729139475576	1.69460428888156e-12	hyper	False	True	MAFF;MAFF;MAFF;MAFF	Body;Body;Body;Body	Island	True	Body	MAFF	True
chr22	46760120	-0.5142882454284843	0.0117784391011029	27.272727272727273	0.0	0.0	hypo	cg09451572	0.370895892556987	8.58602656677226e-13	hyper	False	True	CELSR1	Body	Island		Body	CELSR1	False
chr22	50625225	0.7440782638225649	0.030282544390402	22.727272727272727	35.0	64.28571428571429	hyper	cg09026568	0.355678967564323	4.32134145667777e-16	hyper	True	True	TRABD	5'UTR	Island		5'UTR	TRABD	False
chr3	10370624	-0.8877261667652293	0.0084570590616737	77.27272727272727	5.0	32.142857142857146	hypo	cg16468843	-0.322115118471049	7.47978910856501e-17	hypo	True	True	ATP2B2;ATP2B2	Body;Body	Island		Body	ATP2B2	False
chr3	13324924	0.5897063086180193	0.0357944304520447	0.0	20.0	32.142857142857146	hyper	cg20760116	0.229916796991753	1.04832004031162e-08	hyper	True	True			Island		Intergenic		False
chr3	42977845	0.7074248001738642	0.0214547674727409	0.0	30.0	38.09523809523809	hyper	cg27084712	-0.229974967200827	5.017864678072e-09	hypo	False	True			Island		Intergenic		False
chr3	42977953	0.66450268761846	0.0169079146435414	4.545454545454546	0.0	42.857142857142854	hyper	cg08111629	-0.244356525818765	9.82187743350018e-10	hypo	False	True			Island		Intergenic		False
chr3	48698519	0.5761846775052123	0.0273051116703422	0.0	10.0	32.142857142857146	hyper	cg02773588	-0.360411767957936	1.2866282797944199e-16	hypo	False	True	CELSR3	1stExon	Island		1stExon	CELSR3	False
chr3	68982020	0.4211910381115719	0.0442326155594512	4.545454545454546	5.0	28.571428571428573	hyper	cg04347354	0.933569861759692	2.09858400227337e-34	hyper	True	True	FAM19A4;FAM19A4	TSS1500;TSS1500	Island		TSS1500	FAM19A4	False
chr3	75445502	0.5001449301265827	0.0335062277858502	0.0	0.0	28.571428571428573	hyper	cg06217323	-0.298359152715359	4.59574963817098e-15	hypo	False	True			Island		Intergenic		False
chr3	105072683	-0.2803407140198332	0.0300067987419681	18.181818181818183	0.0	3.5714285714285716	hypo	cg15054274	-0.250539061920839	9.986430877614728e-11	hypo	True	True			Island	True	Intergenic		True
chr3	122631723	-0.5703563882324506	0.0440505585598563	40.90909090909091	10.0	10.714285714285714	hypo	cg02464608	-0.360859780627062	3.22743682325066e-21	hypo	True	True	SEMA5B	Body	Island		Body	SEMA5B	False
chr3	128721244	-0.6654352139021019	0.009776497102136	36.36363636363637	15.0	0.0	hypo	cg25664338	0.686633168455934	1.83356136595343e-37	hyper	False	True	CCDC48	Body	Island		Body	CCDC48	False
chr3	138724332	0.8906403114016104	0.014507987004153	18.181818181818183	80.0	64.28571428571429	hyper	cg03408035	-0.29290557550408	7.63314899040022e-14	hypo	False	True	PRR23A	1stExon	Island		1stExon	PRR23A	False
chr3	138725153	-0.4940057987592736	0.0395535026761549	27.272727272727273	15.0	0.0	hypo	cg02806645	-0.325507935651502	1.46493239996221e-15	hypo	True	True	PRR23A	TSS200	Island		TSS200	PRR23A	False
chr3	138725199	-0.6519135827892949	0.0193168302031407	36.36363636363637	25.0	0.0	hypo	cg21098437	-0.347034906067944	2.30869902391337e-16	hypo	True	True	PRR23A	TSS200	Island		TSS200	PRR23A	False
chr3	183977549	0.7147425411496647	0.0149855810914278	0.0	20.0	39.285714285714285	hyper	cg23527621	0.677032359289826	3.92745448702094e-33	hyper	True	True	ECE2;CAMK2N2	Body;3'UTR	Island		Body	CAMK2N2;ECE2	False
chr3	197226107	0.6387027937710352	0.0211300604522972	0.0	10.0	35.714285714285715	hyper	cg04872717	-0.304122280082897	1.64145411009537e-12	hypo	False	True			Island		Intergenic		False
chr4	964011	-1.0021549128204488	0.005312532811333	81.81818181818181	30.0	28.571428571428573	hypo	cg12226453	-0.968648556022067	3.71542645019233e-38	hypo	True	True	DGKQ	Body	Island		Body	DGKQ	False
chr4	1570791	-0.8511115583783472	0.005215947328407	60.606060606060616	0.0	16.666666666666664	hypo	cg08102414	-0.269494373934996	1.13835361282208e-12	hypo	True	True			Island		Intergenic		False
chr4	1625248	0.7250391855315436	0.0486106838903079	18.181818181818183	50.0	57.142857142857146	hyper	cg11977142	0.249515944703563	1.12178794865969e-10	hyper	True	True			Island		Intergenic		False
chr4	3516534	-0.6721960294585051	0.0081296569600113	36.36363636363637	10.0	0.0	hypo	cg26401028	-0.314050548478662	7.83403503949788e-16	hypo	True	True	LRPAP1	Body	Island		Body	LRPAP1	False
chr4	3516637	-0.6193528733854667	0.0372303598094066	40.90909090909091	20.0	7.142857142857143	hypo	cg04857395	-0.326878683605437	2.21664977119119e-16	hypo	True	True	LRPAP1	Body	Island		Body	LRPAP1	False
chr4	8582287	0.4162305163527549	0.0392953041571917	0.0	15.0	22.619047619047617	hyper	cg11970349	2.41955035849895	3.83613217742135e-174	hyper	True	True	GPR78	TSS200	Island		TSS200	GPR78	False
chr4	10079364	-0.8500754180631894	0.0164228152665173	81.81818181818181	50.0	35.714285714285715	hypo	cg06018666	-0.256442817714959	5.15348001223033e-10	hypo	True	True	WDR1;WDR1	Body;Body	Island		Body	WDR1	False
chr4	24801425	0.4167874417721521	0.0469787022190124	0.0	0.0	23.809523809523807	hyper	cg02891686	-0.308237337391885	3.5028184090955502e-09	hypo	False	True	SOD3	Body	Island		Body	SOD3	False
chr4	155664150	0.1667149767088608	0.0439414822460992	0.0	0.0	9.523809523809522	hyper	cg10203610	-0.859600214650047	9.55195609080441e-64	hypo	False	True	LRAT	TSS1500	Island		TSS1500	LRAT	False
chr4	187647690	-0.3142872610951847	0.0248084781670991	16.666666666666664	0.0	0.0	hypo	cg12769506	-0.461363991431554	5.4649091755521696e-11	hypo	True	True			Island		Intergenic		False
chr5	181922	-0.7050675809568806	0.0224542210392439	45.45454545454545	20.0	7.142857142857143	hypo	cg08846853	0.443263512611329	9.8805304049149e-09	hyper	False	True	PLEKHG4B	Body	Island		Body	PLEKHG4B	False
chr5	1494980	-0.6276419959067275	0.0462098173236234	42.42424242424243	35.0	7.142857142857143	hypo	cg00256485	-0.792727512336473	3.78115314792142e-33	hypo	True	True	LPCAT1	Body	Island		Body	LPCAT1	False
chr5	2752882	-0.5142882454284843	0.0117784391011029	27.272727272727273	0.0	0.0	hypo	cg26504021	-0.487543728390455	6.46560775795459e-15	hypo	True	True	IRX2;IRX2;C5orf38	TSS1500;TSS1500;Body	Island		TSS1500	C5orf38;IRX2	False
chr5	115697214	0.652224424883842	0.0270144806208917	0.0	20.0	35.714285714285715	hyper	cg05931423	0.227818644839444	1.4020096782346e-08	hyper	True	True			Island	True	Intergenic		True
chr5	134363562	0.615506202465444	0.0289029280213958	4.545454545454546	10.0	39.285714285714285	hyper	cg02037307	0.272367835630978	1.14447680427021e-11	hyper	True	True	PITX1	3'UTR	Island	True	3'UTR	PITX1	True
chr5	138730783	0.9783366373257631	0.0023422500028847	0.0	30.0	53.57142857142857	hyper	cg15911153	0.484449358275765	1.14445938689795e-30	hyper	True	True	LOC389333;LOC389333	1stExon;5'UTR	Island		5'UTR	LOC389333	False
chr5	140821425	0.6282636800958222	0.0487091386702444	13.636363636363637	38.33333333333333	47.61904761904763	hyper	cg13023584	-0.259121931099909	1.42458430665173e-09	hypo	False	True	PCDHGA4;PCDHGA12;PCDHGA11;PCDHGA11;PCDHGA9;PCDHGA1;PCDHGB1;PCDHGB6;PCDHGB3;PCDHGB7;PCDHGA6;PCDHGA8;PCDHGA10;PCDHGA5;PCDHGB4;PCDHGA3;PCDHGA2;PCDHGB2;PCDHGA7;PCDHGB5	Body;Body;Body;Body;Body;Body;Body;Body;Body;Body;Body;Body;Body;Body;Body;Body;Body;Body;Body;Body	Island		Body	PCDHGA1;PCDHGA10;PCDHGA11;PCDHGA12;PCDHGA2;PCDHGA3;PCDHGA4;PCDHGA5;PCDHGA6;PCDHGA7;PCDHGA8;PCDHGA9;PCDHGB1;PCDHGB2;PCDHGB3;PCDHGB4;PCDHGB5;PCDHGB6;PCDHGB7	False
chr5	149569938	-0.4218127223006666	0.0235887339689361	22.727272727272727	5.0	0.0	hypo	cg11201401	-0.354921338129401	8.87311946226334e-15	hypo	True	True	SLC6A7	Body	Island	True	Body	SLC6A7	True
chr5	170739853	-0.42857353785707	0.0161636022267264	22.727272727272727	0.0	0.0	hypo	cg17338430	0.387336246356422	3.1473344654424e-21	hyper	False	True			Island		Intergenic		False
chr5	172175765	0.9437684060613168	0.0065541070902585	25.75757575757576	40.0	78.57142857142857	hyper	cg13412545	-0.368299440166711	1.0653228578713201e-17	hypo	False	True			Island	True	Intergenic		True
chr6	28175578	-0.3142872610951847	0.0248084781670991	16.666666666666664	0.0	0.0	hypo	cg03623178	0.267562445916197	4.37722611860482e-10	hyper	False	True			Island	True	Intergenic		True
chr6	28235090	-0.500766614315677	0.0332707811194266	27.272727272727273	10.0	0.0	hypo	cg07483366	0.342972575699758	1.26768384712948e-10	hyper	False	True	ZSCAN26;ZSCAN26;ZSCAN26;ZSCAN26;ZSCAN26	5'UTR;5'UTR;5'UTR;5'UTR;TSS200	Island		TSS200	ZSCAN26	False
chr6	30228254	-0.7465390970710644	0.0411136793375827	69.6969696969697	50.0	28.571428571428573	hypo	cg17835678	-0.349190588670981	1.47964473170343e-14	hypo	True	True	HLA-L	Body	Island		Body	HLA-L	False
chr6	31867757	-0.6193528733854666	0.0372303598094066	40.90909090909091	20.0	7.142857142857143	hypo	cg14562426	-0.85329631031386	7.217115939414099e-56	hypo	True	True	ZBTB12	Body	Island		Body	ZBTB12	False
chr6	32847762	-0.6526388810099053	0.0444012882335283	51.51515151515152	20.0	16.666666666666664	hypo	cg18942934	-0.498513358608717	6.163702067623461e-35	hypo	True	True	PPP1R2P1	Body	Island		Body	PPP1R2P1	False
chr6	35109242	-0.751460763568063	0.02384981542822	54.54545454545455	20.0	14.285714285714286	hypo	cg07923390	0.578367302646446	6.93586852214991e-29	hyper	False	True	TCP11;TCP11	TSS200;TSS200	Island	True	TSS200	TCP11	True
chr6	41374806	-0.6860285026658594	0.0203535619323909	50.0	5.0	14.285714285714286	hypo	cg00982521	-0.489958890546618	2.15036308144918e-32	hypo	True	True			Island	True	Intergenic		True
chr6	44119668	-0.4000019686665986	0.0213343437923977	21.21212121212121	0.0	0.0	hypo	cg11947985	-0.577655514068317	5.367502540911244e-19	hypo	True	True	TMEM63B	Body	Island	True	Body	TMEM63B	True
chr6	44213713	-0.4000019686665986	0.0213343437923977	21.21212121212121	0.0	0.0	hypo	cg11290092	-0.674220473053568	2.02111377843108e-32	hypo	True	True	HSP90AB1;HSP90AB1;HSP90AB1;HSP90AB1;HSP90AB1	TSS1500;TSS1500;TSS1500;TSS1500;TSS200	Island		TSS200	HSP90AB1	False
chr6	88757302	-1.077326892685134	0.0001111324343209	68.18181818181819	0.0	11.904761904761909	hypo	cg02871313	-0.379301783430705	7.61109919827945e-23	hypo	True	True	SPACA1	TSS1500	Island		TSS1500	SPACA1	False
chr6	100915191	0.5136665612393895	0.0226807194202811	0.0	10.0	28.571428571428573	hyper	cg17760405	0.332212247385943	8.833028107198042e-14	hyper	True	True			Island		Intergenic		False
chr7	1062820	0.8602166413977946	0.0175933903571105	18.181818181818183	57.5	64.28571428571429	hyper	cg10089657	-0.966503903860993	2.94747649627414e-43	hypo	False	True	C7orf50;MIR339;C7orf50;C7orf50	Body;TSS200;Body;Body	Island		TSS200	C7orf50;MIR339	False
chr7	2578128	-0.7141208569605704	0.0496265182983419	72.72727272727273	70.0	32.142857142857146	hypo	cg06838581	0.48204900354316	4.255357424096221e-23	hyper	False	True	C7orf27	Body	Island		Body	C7orf27	False
chr7	4806949	-0.8140371627266133	0.0210015262500933	70.45454545454545	80.0	23.214285714285715	hypo	cg25330264	-1.24339046602585	9.852561919324959e-81	hypo	True	True	FOXK1	3'UTR	Island		3'UTR	FOXK1	False
chr7	54765601	0.8233429979321228	0.0093495559434476	4.545454545454546	25.0	50.0	hyper	cg01042465	-0.369832438952627	2.88034334702511e-22	hypo	False	True			Island		Intergenic		False
chr7	55073248	-0.9437295507994986	0.0018312656065559	63.63636363636363	20.0	13.095238095238091	hypo	cg17995050	-0.382702965904781	2.32874882214573e-23	hypo	True	True			Island		Intergenic		False
chr7	64349450	-0.342858830285656	0.0188872292114023	18.181818181818183	0.0	0.0	hypo	cg13100965	-0.339738768999595	2.4398513479025103e-10	hypo	True	True			Island	True	Intergenic		True
chr7	89748278	0.4376268138607597	0.0402417498646945	0.0	0.0	25.0	hyper	cg06237774	-0.602976475928155	2.84820888953979e-25	hypo	False	True	DPY19L2P4	TSS1500	Island		TSS1500	DPY19L2P4	False
chr7	101944275	-0.7708106839536317	0.0333363398108022	63.63636363636363	40.0	21.428571428571427	hypo	cg01723606	0.525183657724404	6.520459331104731e-35	hyper	False	True	SH2B2	Body	Island		Body	SH2B2	False
chr7	101962225	0.652224424883842	0.0270144806208917	0.0	20.0	35.714285714285715	hyper	cg10380461	0.483423006742571	3.2140085230112003e-24	hyper	True	True			Island		Intergenic		False
chr7	121946036	-0.5142882454284843	0.0117784391011029	27.272727272727273	0.0	0.0	hypo	cg10485664	-0.6021472291175	1.6612809986145802e-20	hypo	True	True	FEZF1;FEZF1	TSS1500;TSS1500	Island		TSS1500	FEZF1	False
chr7	150779047	-0.7185892120696874	0.0139957241506914	45.45454545454545	10.0	7.142857142857143	hypo	cg12633680	0.388541439768828	2.61497850253212e-12	hyper	False	True	FASTK;TMUB1;TMUB1;FASTK	TSS1500;Body;Body;TSS1500	Island		TSS1500	FASTK;TMUB1	False
chr7	155142756	-0.8503862601577369	0.0006104242855448	45.45454545454545	5.0	0.0	hypo	cg25572565	-0.242687633153437	2.21853580726602e-09	hypo	True	True			Island		Intergenic		False
chr7	155164995	-0.5185882277363881	0.0487151195300771	34.848484848484844	10.0	7.142857142857143	hypo	cg16476975	0.257317560168959	8.67440012196306e-09	hyper	False	True			Island	True	Intergenic		True
chr7	156735656	0.5001449301265826	0.0335062277858503	0.0	0.0	28.571428571428573	hyper	cg27539527	-0.236498764172692	4.85998412839152e-09	hypo	False	True			Island		Intergenic		False
chr8	21769903	-0.6070746106508488	0.0406143436861554	45.45454545454545	0.0	14.285714285714286	hypo	cg21163717	-1.23124922099566	2.87627039166541e-52	hypo	True	True	DOK2	Body	Island		Body	DOK2	False
chr8	41583523	-0.6721960294585051	0.0081296569600113	36.36363636363637	10.0	0.0	hypo	cg18614735	-0.291725723220985	2.37536893578316e-12	hypo	True	True	ANK1;ANK1;ANK1;ANK1;ANK1	Body;Body;Body;Body;Body	Island		Body	ANK1	False
chr8	99953809	0.2500724650632913	0.0335062277858503	0.0	0.0	14.285714285714286	hyper	cg00716390	0.767740734998825	4.24636362668212e-18	hyper	True	True			Island		Intergenic		False
chr8	144790102	-0.5142882454284843	0.0117784391011029	27.272727272727273	0.0	0.0	hypo	cg15654143	-0.232370381168965	2.15924565976062e-08	hypo	True	True	CCDC166	1stExon	Island		1stExon	CCDC166	False
chr8	144810034	0.739428584158295	0.0214522230628537	4.545454545454546	40.0	44.04761904761905	hyper	cg25468618	-0.548088639256581	1.96513222602081e-43	hypo	False	True	FAM83H	Body	Island		Body	FAM83H	False
chr8	145577099	-0.7656040788699645	0.0386551467910595	81.81818181818181	20.0	42.857142857142854	hypo	cg17965359	-0.272137163064	3.50138195540416e-08	hypo	True	True	C8ORFK29	Body	Island		Body	C8ORFK29	False
chr9	137030555	-0.5007666143156771	0.0332707811194266	27.272727272727273	10.0	0.0	hypo	cg06638811	0.249275139541005	1.85780091122822e-08	hyper	False	True	RNU6ATAC	TSS1500	Island		TSS1500	RNU6ATAC	False
chr9	139565048	-0.917243213993282	0.0080425299462202	63.63636363636363	55.0	11.904761904761909	hypo	cg16903347	0.362562794291865	2.28281892724917e-16	hyper	False	True	EGFL7;EGFL7;MIR126;EGFL7;EGFL7;EGFL7	Body;Body;TSS200;Body;Body;Body	Island		TSS200	EGFL7;MIR126	False
chr9	139590572	-0.8932436139434436	0.0116024093656158	72.72727272727273	30.0	25.0	hypo	cg14604066	-0.677045746953695	4.23682422725923e-26	hypo	True	True			Island		Intergenic		False
chr9	139912268	-0.8900186272125157	0.0030945733054648	54.54545454545455	10.0	7.142857142857143	hypo	cg02820283	-0.337570489721367	5.07071276563013e-10	hypo	True	True	ABCA2;ABCA2	Body;Body	Island		Body	ABCA2	False
chr9	139912292	-0.7050675809568807	0.0224542210392439	45.45454545454545	20.0	7.142857142857143	hypo	cg05459138	-0.518423324073145	7.76752400146604e-21	hypo	True	True	ABCA2;ABCA2	Body;Body	Island		Body	ABCA2	False
chr9	140116137	-0.600002952999898	0.0037058652893627	31.818181818181817	0.0	0.0	hypo	cg14404746	0.943402174257664	2.38041455850485e-69	hyper	False	True	RNF208	TSS1500	Island		TSS1500	RNF208	False
